[
  {
    "name": "1ª RODADA",
    "stadium": {
      "name": "LUSAIL",
      "image": "https://digitalinnovationone.github.io/copa-2022-android/statics/lusali-stadium.png"
    },
    "team1": "BR",
    "team2": "RS",
    "date": "2022-11-24T19:00:00Z"
  },
  {
    "name": "2ª RODADA",
    "stadium": {
      "name": "ESTÁDIO 974",
      "image": "https://digitalinnovationone.github.io/copa-2022-android/statics/974-stadium.png"
    },
    "team1": "BR",
    "team2": "CH",
    "date": "2022-11-28T16:00:00Z"
  },
  {
    "name": "3ª RODADA",
    "stadium": {
      "name": "LUSAIL",
      "image": "https://digitalinnovationone.github.io/copa-2022-android/statics/lusali-stadium.png"
    },
    "team1": "CM",
    "team2": "BR",
    "date": "2022-12-02T19:00:00Z"
  }
]
